{"1057277680694853712":{"prefix":"$","djrole":null,"vc":{"enable":false,"channel":null},"music":{"channel":null,"pmsg":null,"qmsg":null},"autoresume":false},"937262779142922281":{"prefix":"..","djrole":null,"vc":{"enable":true,"channel":"1061551517246685264"},"music":{"channel":"1067449844341411931","pmsg":"1067449847285817425","qmsg":"1067449845792657449"},"autoresume":true},"1071824734175629362":{"prefix":"$","djrole":null,"vc":{"enable":false,"channel":null},"music":{"channel":null,"pmsg":null,"qmsg":null},"autoresume":false},"1124739194208661514":{"prefix":"$","djrole":null,"vc":{"enable":false,"channel":null},"music":{"channel":"1157350085978509363","pmsg":"1157350094077689896","qmsg":"1157350089094864967"},"autoresume":false}}