{"795294090609557504":{"TEMPLATEQUEUEINFORMATION":["queue","sadasd"]},"853307692080693249":{"TEMPLATEQUEUEINFORMATION":["queue","sadasd"]},"892049755390218301":{"TEMPLATEQUEUEINFORMATION":["queue","sadasd"]},"969177792438751242":{"TEMPLATEQUEUEINFORMATION":["queue","sadasd"]},"1057674644905279498":{"TEMPLATEQUEUEINFORMATION":["queue","sadasd"]},"924144335535091744":{"TEMPLATEQUEUEINFORMATION":["queue","sadasd"]},"1031405873588875354":{"TEMPLATEQUEUEINFORMATION":["queue","sadasd"]},"1036503458066468935":{"TEMPLATEQUEUEINFORMATION":["queue","sadasd"]}}